timestamp,action,side,price,qty
10:00:000,ADD,BID,149.90,10
10:00:000,ADD,ASK,150.10,10
10:00:001,ADD,BID,149.87,10
10:00:001,ADD,ASK,150.07,10
10:00:002,ADD,BID,149.85,10
10:00:002,ADD,ASK,150.05,10
10:00:003,ADD,BID,149.84,10
10:00:003,ADD,ASK,150.04,10
10:00:004,ADD,BID,149.88,10
10:00:004,ADD,ASK,150.08,10
10:00:005,ADD,BID,149.90,10
10:00:005,ADD,ASK,150.10,10
10:00:006,ADD,BID,149.94,10
10:00:006,ADD,ASK,150.14,10
10:00:007,ADD,BID,149.93,10
10:00:007,ADD,ASK,150.13,10
10:00:008,ADD,BID,149.89,10
10:00:008,ADD,ASK,150.09,10
10:00:009,ADD,BID,149.85,10
10:00:009,ADD,ASK,150.05,10
10:00:010,ADD,BID,149.86,10
10:00:010,ADD,ASK,150.06,10
10:00:011,ADD,BID,149.89,10
10:00:011,ADD,ASK,150.09,10
10:00:012,ADD,BID,149.90,10
10:00:012,ADD,ASK,150.10,10
10:00:013,ADD,BID,149.85,10
10:00:013,ADD,ASK,150.05,10
10:00:014,ADD,BID,149.89,10
10:00:014,ADD,ASK,150.09,10
10:00:015,ADD,BID,149.91,10
10:00:015,ADD,ASK,150.11,10
10:00:016,ADD,BID,149.91,10
10:00:016,ADD,ASK,150.11,10
10:00:017,ADD,BID,149.87,10
10:00:017,ADD,ASK,150.07,10
10:00:018,ADD,BID,149.85,10
10:00:018,ADD,ASK,150.05,10
10:00:019,ADD,BID,149.89,10
10:00:019,ADD,ASK,150.09,10
10:00:020,ADD,BID,149.85,10
10:00:020,ADD,ASK,150.05,10
10:00:021,ADD,BID,149.80,10
10:00:021,ADD,ASK,150.00,10
10:00:022,ADD,BID,149.81,10
10:00:022,ADD,ASK,150.01,10
10:00:023,ADD,BID,149.81,10
10:00:023,ADD,ASK,150.01,10
10:00:024,ADD,BID,149.85,10
10:00:024,ADD,ASK,150.05,10
10:00:025,ADD,BID,149.86,10
10:00:025,ADD,ASK,150.06,10
10:00:026,ADD,BID,149.91,10
10:00:026,ADD,ASK,150.11,10
10:00:027,ADD,BID,149.89,10
10:00:027,ADD,ASK,150.09,10
10:00:028,ADD,BID,149.93,10
10:00:028,ADD,ASK,150.13,10
10:00:029,ADD,BID,149.91,10
10:00:029,ADD,ASK,150.11,10
10:00:030,ADD,BID,149.91,10
10:00:030,ADD,ASK,150.11,10
10:00:031,ADD,BID,149.87,10
10:00:031,ADD,ASK,150.07,10
10:00:032,ADD,BID,149.90,10
10:00:032,ADD,ASK,150.10,10
10:00:033,ADD,BID,149.89,10
10:00:033,ADD,ASK,150.09,10
10:00:034,ADD,BID,149.90,10
10:00:034,ADD,ASK,150.10,10
10:00:035,ADD,BID,149.93,10
10:00:035,ADD,ASK,150.13,10
10:00:036,ADD,BID,149.90,10
10:00:036,ADD,ASK,150.10,10
10:00:037,ADD,BID,149.91,10
10:00:037,ADD,ASK,150.11,10
10:00:038,ADD,BID,149.91,10
10:00:038,ADD,ASK,150.11,10
10:00:039,ADD,BID,149.87,10
10:00:039,ADD,ASK,150.07,10
10:00:040,ADD,BID,149.86,10
10:00:040,ADD,ASK,150.06,10
10:00:041,ADD,BID,149.89,10
10:00:041,ADD,ASK,150.09,10
10:00:042,ADD,BID,149.86,10
10:00:042,ADD,ASK,150.06,10
10:00:043,ADD,BID,149.90,10
10:00:043,ADD,ASK,150.10,10
10:00:044,ADD,BID,149.94,10
10:00:044,ADD,ASK,150.14,10
10:00:045,ADD,BID,149.95,10
10:00:045,ADD,ASK,150.15,10
10:00:046,ADD,BID,149.98,10
10:00:046,ADD,ASK,150.18,10
10:00:047,ADD,BID,149.95,10
10:00:047,ADD,ASK,150.15,10
10:00:048,ADD,BID,149.93,10
10:00:048,ADD,ASK,150.13,10
10:00:049,ADD,BID,149.97,10
10:00:049,ADD,ASK,150.17,10
10:00:050,ADD,BID,149.96,10
10:00:050,ADD,ASK,150.16,10
10:00:051,ADD,BID,149.95,10
10:00:051,ADD,ASK,150.15,10
10:00:052,ADD,BID,149.99,10
10:00:052,ADD,ASK,150.19,10
10:00:053,ADD,BID,150.01,10
10:00:053,ADD,ASK,150.21,10
10:00:054,ADD,BID,150.02,10
10:00:054,ADD,ASK,150.22,10
10:00:055,ADD,BID,150.07,10
10:00:055,ADD,ASK,150.27,10
10:00:056,ADD,BID,150.06,10
10:00:056,ADD,ASK,150.26,10
10:00:057,ADD,BID,150.04,10
10:00:057,ADD,ASK,150.24,10
10:00:058,ADD,BID,150.00,10
10:00:058,ADD,ASK,150.20,10
10:00:059,ADD,BID,150.01,10
10:00:059,ADD,ASK,150.21,10
10:00:060,ADD,BID,149.97,10
10:00:060,ADD,ASK,150.17,10
10:00:061,ADD,BID,149.96,10
10:00:061,ADD,ASK,150.16,10
10:00:062,ADD,BID,149.96,10
10:00:062,ADD,ASK,150.16,10
10:00:063,ADD,BID,149.95,10
10:00:063,ADD,ASK,150.15,10
10:00:064,ADD,BID,150.00,10
10:00:064,ADD,ASK,150.20,10
10:00:065,ADD,BID,149.99,10
10:00:065,ADD,ASK,150.19,10
10:00:066,ADD,BID,149.99,10
10:00:066,ADD,ASK,150.19,10
10:00:067,ADD,BID,149.96,10
10:00:067,ADD,ASK,150.16,10
10:00:068,ADD,BID,149.95,10
10:00:068,ADD,ASK,150.15,10
10:00:069,ADD,BID,149.92,10
10:00:069,ADD,ASK,150.12,10
10:00:070,ADD,BID,149.89,10
10:00:070,ADD,ASK,150.09,10
10:00:071,ADD,BID,149.88,10
10:00:071,ADD,ASK,150.08,10
10:00:072,ADD,BID,149.86,10
10:00:072,ADD,ASK,150.06,10
10:00:073,ADD,BID,149.81,10
10:00:073,ADD,ASK,150.01,10
10:00:074,ADD,BID,149.80,10
10:00:074,ADD,ASK,150.00,10
10:00:075,ADD,BID,149.75,10
10:00:075,ADD,ASK,149.95,10
10:00:076,ADD,BID,149.73,10
10:00:076,ADD,ASK,149.93,10
10:00:077,ADD,BID,149.68,10
10:00:077,ADD,ASK,149.88,10
10:00:078,ADD,BID,149.65,10
10:00:078,ADD,ASK,149.85,10
10:00:079,ADD,BID,149.60,10
10:00:079,ADD,ASK,149.80,10
10:00:080,ADD,BID,149.64,10
10:00:080,ADD,ASK,149.84,10
10:00:081,ADD,BID,149.61,10
10:00:081,ADD,ASK,149.81,10
10:00:082,ADD,BID,149.65,10
10:00:082,ADD,ASK,149.85,10
10:00:083,ADD,BID,149.63,10
10:00:083,ADD,ASK,149.83,10
10:00:084,ADD,BID,149.66,10
10:00:084,ADD,ASK,149.86,10
10:00:085,ADD,BID,149.67,10
10:00:085,ADD,ASK,149.87,10
10:00:086,ADD,BID,149.69,10
10:00:086,ADD,ASK,149.89,10
10:00:087,ADD,BID,149.69,10
10:00:087,ADD,ASK,149.89,10
10:00:088,ADD,BID,149.67,10
10:00:088,ADD,ASK,149.87,10
10:00:089,ADD,BID,149.67,10
10:00:089,ADD,ASK,149.87,10
10:00:090,ADD,BID,149.71,10
10:00:090,ADD,ASK,149.91,10
10:00:091,ADD,BID,149.72,10
10:00:091,ADD,ASK,149.92,10
10:00:092,ADD,BID,149.69,10
10:00:092,ADD,ASK,149.89,10
10:00:093,ADD,BID,149.68,10
10:00:093,ADD,ASK,149.88,10
10:00:094,ADD,BID,149.73,10
10:00:094,ADD,ASK,149.93,10
10:00:095,ADD,BID,149.77,10
10:00:095,ADD,ASK,149.97,10
10:00:096,ADD,BID,149.81,10
10:00:096,ADD,ASK,150.01,10
10:00:097,ADD,BID,149.77,10
10:00:097,ADD,ASK,149.97,10
10:00:098,ADD,BID,149.79,10
10:00:098,ADD,ASK,149.99,10
10:00:099,ADD,BID,149.79,10
10:00:099,ADD,ASK,149.99,10
10:00:100,ADD,BID,149.77,10
10:00:100,ADD,ASK,149.97,10
10:00:101,ADD,BID,149.72,10
10:00:101,ADD,ASK,149.92,10
10:00:102,ADD,BID,149.72,10
10:00:102,ADD,ASK,149.92,10
10:00:103,ADD,BID,149.70,10
10:00:103,ADD,ASK,149.90,10
10:00:104,ADD,BID,149.68,10
10:00:104,ADD,ASK,149.88,10
10:00:105,ADD,BID,149.67,10
10:00:105,ADD,ASK,149.87,10
10:00:106,ADD,BID,149.67,10
10:00:106,ADD,ASK,149.87,10
10:00:107,ADD,BID,149.70,10
10:00:107,ADD,ASK,149.90,10
10:00:108,ADD,BID,149.71,10
10:00:108,ADD,ASK,149.91,10
10:00:109,ADD,BID,149.68,10
10:00:109,ADD,ASK,149.88,10
10:00:110,ADD,BID,149.67,10
10:00:110,ADD,ASK,149.87,10
10:00:111,ADD,BID,149.70,10
10:00:111,ADD,ASK,149.90,10
10:00:112,ADD,BID,149.70,10
10:00:112,ADD,ASK,149.90,10
10:00:113,ADD,BID,149.73,10
10:00:113,ADD,ASK,149.93,10
10:00:114,ADD,BID,149.75,10
10:00:114,ADD,ASK,149.95,10
10:00:115,ADD,BID,149.72,10
10:00:115,ADD,ASK,149.92,10
10:00:116,ADD,BID,149.73,10
10:00:116,ADD,ASK,149.93,10
10:00:117,ADD,BID,149.73,10
10:00:117,ADD,ASK,149.93,10
10:00:118,ADD,BID,149.73,10
10:00:118,ADD,ASK,149.93,10
10:00:119,ADD,BID,149.70,10
10:00:119,ADD,ASK,149.90,10
10:00:120,ADD,BID,149.68,10
10:00:120,ADD,ASK,149.88,10
10:00:121,ADD,BID,149.68,10
10:00:121,ADD,ASK,149.88,10
10:00:122,ADD,BID,149.70,10
10:00:122,ADD,ASK,149.90,10
10:00:123,ADD,BID,149.75,10
10:00:123,ADD,ASK,149.95,10
10:00:124,ADD,BID,149.71,10
10:00:124,ADD,ASK,149.91,10
10:00:125,ADD,BID,149.71,10
10:00:125,ADD,ASK,149.91,10
10:00:126,ADD,BID,149.71,10
10:00:126,ADD,ASK,149.91,10
10:00:127,ADD,BID,149.68,10
10:00:127,ADD,ASK,149.88,10
10:00:128,ADD,BID,149.71,10
10:00:128,ADD,ASK,149.91,10
10:00:129,ADD,BID,149.71,10
10:00:129,ADD,ASK,149.91,10
10:00:130,ADD,BID,149.69,10
10:00:130,ADD,ASK,149.89,10
10:00:131,ADD,BID,149.64,10
10:00:131,ADD,ASK,149.84,10
10:00:132,ADD,BID,149.61,10
10:00:132,ADD,ASK,149.81,10
10:00:133,ADD,BID,149.60,10
10:00:133,ADD,ASK,149.80,10
10:00:134,ADD,BID,149.64,10
10:00:134,ADD,ASK,149.84,10
10:00:135,ADD,BID,149.67,10
10:00:135,ADD,ASK,149.87,10
10:00:136,ADD,BID,149.68,10
10:00:136,ADD,ASK,149.88,10
10:00:137,ADD,BID,149.69,10
10:00:137,ADD,ASK,149.89,10
10:00:138,ADD,BID,149.66,10
10:00:138,ADD,ASK,149.86,10
10:00:139,ADD,BID,149.67,10
10:00:139,ADD,ASK,149.87,10
10:00:140,ADD,BID,149.63,10
10:00:140,ADD,ASK,149.83,10
10:00:141,ADD,BID,149.64,10
10:00:141,ADD,ASK,149.84,10
10:00:142,ADD,BID,149.61,10
10:00:142,ADD,ASK,149.81,10
10:00:143,ADD,BID,149.64,10
10:00:143,ADD,ASK,149.84,10
10:00:144,ADD,BID,149.65,10
10:00:144,ADD,ASK,149.85,10
10:00:145,ADD,BID,149.68,10
10:00:145,ADD,ASK,149.88,10
10:00:146,ADD,BID,149.68,10
10:00:146,ADD,ASK,149.88,10
10:00:147,ADD,BID,149.63,10
10:00:147,ADD,ASK,149.83,10
10:00:148,ADD,BID,149.60,10
10:00:148,ADD,ASK,149.80,10
10:00:149,ADD,BID,149.57,10
10:00:149,ADD,ASK,149.77,10
10:00:150,ADD,BID,149.56,10
10:00:150,ADD,ASK,149.76,10
10:00:151,ADD,BID,149.58,10
10:00:151,ADD,ASK,149.78,10
10:00:152,ADD,BID,149.56,10
10:00:152,ADD,ASK,149.76,10
10:00:153,ADD,BID,149.53,10
10:00:153,ADD,ASK,149.73,10
10:00:154,ADD,BID,149.52,10
10:00:154,ADD,ASK,149.72,10
10:00:155,ADD,BID,149.55,10
10:00:155,ADD,ASK,149.75,10
10:00:156,ADD,BID,149.53,10
10:00:156,ADD,ASK,149.73,10
10:00:157,ADD,BID,149.54,10
10:00:157,ADD,ASK,149.74,10
10:00:158,ADD,BID,149.55,10
10:00:158,ADD,ASK,149.75,10
10:00:159,ADD,BID,149.60,10
10:00:159,ADD,ASK,149.80,10
10:00:160,ADD,BID,149.61,10
10:00:160,ADD,ASK,149.81,10
10:00:161,ADD,BID,149.64,10
10:00:161,ADD,ASK,149.84,10
10:00:162,ADD,BID,149.63,10
10:00:162,ADD,ASK,149.83,10
10:00:163,ADD,BID,149.68,10
10:00:163,ADD,ASK,149.88,10
10:00:164,ADD,BID,149.70,10
10:00:164,ADD,ASK,149.90,10
10:00:165,ADD,BID,149.74,10
10:00:165,ADD,ASK,149.94,10
10:00:166,ADD,BID,149.76,10
10:00:166,ADD,ASK,149.96,10
10:00:167,ADD,BID,149.75,10
10:00:167,ADD,ASK,149.95,10
10:00:168,ADD,BID,149.77,10
10:00:168,ADD,ASK,149.97,10
10:00:169,ADD,BID,149.80,10
10:00:169,ADD,ASK,150.00,10
10:00:170,ADD,BID,149.84,10
10:00:170,ADD,ASK,150.04,10
10:00:171,ADD,BID,149.87,10
10:00:171,ADD,ASK,150.07,10
10:00:172,ADD,BID,149.85,10
10:00:172,ADD,ASK,150.05,10
10:00:173,ADD,BID,149.81,10
10:00:173,ADD,ASK,150.01,10
10:00:174,ADD,BID,149.85,10
10:00:174,ADD,ASK,150.05,10
10:00:175,ADD,BID,149.86,10
10:00:175,ADD,ASK,150.06,10
10:00:176,ADD,BID,149.84,10
10:00:176,ADD,ASK,150.04,10
10:00:177,ADD,BID,149.86,10
10:00:177,ADD,ASK,150.06,10
10:00:178,ADD,BID,149.88,10
10:00:178,ADD,ASK,150.08,10
10:00:179,ADD,BID,149.85,10
10:00:179,ADD,ASK,150.05,10
10:00:180,ADD,BID,149.88,10
10:00:180,ADD,ASK,150.08,10
10:00:181,ADD,BID,149.93,10
10:00:181,ADD,ASK,150.13,10
10:00:182,ADD,BID,149.90,10
10:00:182,ADD,ASK,150.10,10
10:00:183,ADD,BID,149.93,10
10:00:183,ADD,ASK,150.13,10
10:00:184,ADD,BID,149.96,10
10:00:184,ADD,ASK,150.16,10
10:00:185,ADD,BID,149.98,10
10:00:185,ADD,ASK,150.18,10
10:00:186,ADD,BID,150.01,10
10:00:186,ADD,ASK,150.21,10
10:00:187,ADD,BID,149.96,10
10:00:187,ADD,ASK,150.16,10
10:00:188,ADD,BID,150.00,10
10:00:188,ADD,ASK,150.20,10
10:00:189,ADD,BID,149.96,10
10:00:189,ADD,ASK,150.16,10
10:00:190,ADD,BID,149.92,10
10:00:190,ADD,ASK,150.12,10
10:00:191,ADD,BID,149.94,10
10:00:191,ADD,ASK,150.14,10
10:00:192,ADD,BID,149.90,10
10:00:192,ADD,ASK,150.10,10
10:00:193,ADD,BID,149.87,10
10:00:193,ADD,ASK,150.07,10
10:00:194,ADD,BID,149.85,10
10:00:194,ADD,ASK,150.05,10
10:00:195,ADD,BID,149.82,10
10:00:195,ADD,ASK,150.02,10
10:00:196,ADD,BID,149.85,10
10:00:196,ADD,ASK,150.05,10
10:00:197,ADD,BID,149.81,10
10:00:197,ADD,ASK,150.01,10
10:00:198,ADD,BID,149.78,10
10:00:198,ADD,ASK,149.98,10
10:00:199,ADD,BID,149.77,10
10:00:199,ADD,ASK,149.97,10
10:00:200,ADD,BID,149.78,10
10:00:200,ADD,ASK,149.98,10
10:00:201,ADD,BID,149.75,10
10:00:201,ADD,ASK,149.95,10
10:00:202,ADD,BID,149.77,10
10:00:202,ADD,ASK,149.97,10
10:00:203,ADD,BID,149.75,10
10:00:203,ADD,ASK,149.95,10
10:00:204,ADD,BID,149.76,10
10:00:204,ADD,ASK,149.96,10
10:00:205,ADD,BID,149.77,10
10:00:205,ADD,ASK,149.97,10
10:00:206,ADD,BID,149.79,10
10:00:206,ADD,ASK,149.99,10
10:00:207,ADD,BID,149.75,10
10:00:207,ADD,ASK,149.95,10
10:00:208,ADD,BID,149.76,10
10:00:208,ADD,ASK,149.96,10
10:00:209,ADD,BID,149.75,10
10:00:209,ADD,ASK,149.95,10
10:00:210,ADD,BID,149.74,10
10:00:210,ADD,ASK,149.94,10
10:00:211,ADD,BID,149.75,10
10:00:211,ADD,ASK,149.95,10
10:00:212,ADD,BID,149.72,10
10:00:212,ADD,ASK,149.92,10
10:00:213,ADD,BID,149.75,10
10:00:213,ADD,ASK,149.95,10
10:00:214,ADD,BID,149.75,10
10:00:214,ADD,ASK,149.95,10
10:00:215,ADD,BID,149.72,10
10:00:215,ADD,ASK,149.92,10
10:00:216,ADD,BID,149.76,10
10:00:216,ADD,ASK,149.96,10
10:00:217,ADD,BID,149.73,10
10:00:217,ADD,ASK,149.93,10
10:00:218,ADD,BID,149.71,10
10:00:218,ADD,ASK,149.91,10
10:00:219,ADD,BID,149.74,10
10:00:219,ADD,ASK,149.94,10
10:00:220,ADD,BID,149.77,10
10:00:220,ADD,ASK,149.97,10
10:00:221,ADD,BID,149.75,10
10:00:221,ADD,ASK,149.95,10
10:00:222,ADD,BID,149.74,10
10:00:222,ADD,ASK,149.94,10
10:00:223,ADD,BID,149.71,10
10:00:223,ADD,ASK,149.91,10
10:00:224,ADD,BID,149.71,10
10:00:224,ADD,ASK,149.91,10
10:00:225,ADD,BID,149.69,10
10:00:225,ADD,ASK,149.89,10
10:00:226,ADD,BID,149.67,10
10:00:226,ADD,ASK,149.87,10
10:00:227,ADD,BID,149.70,10
10:00:227,ADD,ASK,149.90,10
10:00:228,ADD,BID,149.73,10
10:00:228,ADD,ASK,149.93,10
10:00:229,ADD,BID,149.74,10
10:00:229,ADD,ASK,149.94,10
10:00:230,ADD,BID,149.73,10
10:00:230,ADD,ASK,149.93,10
10:00:231,ADD,BID,149.76,10
10:00:231,ADD,ASK,149.96,10
10:00:232,ADD,BID,149.77,10
10:00:232,ADD,ASK,149.97,10
10:00:233,ADD,BID,149.80,10
10:00:233,ADD,ASK,150.00,10
10:00:234,ADD,BID,149.79,10
10:00:234,ADD,ASK,149.99,10
10:00:235,ADD,BID,149.75,10
10:00:235,ADD,ASK,149.95,10
10:00:236,ADD,BID,149.75,10
10:00:236,ADD,ASK,149.95,10
10:00:237,ADD,BID,149.80,10
10:00:237,ADD,ASK,150.00,10
10:00:238,ADD,BID,149.75,10
10:00:238,ADD,ASK,149.95,10
10:00:239,ADD,BID,149.73,10
10:00:239,ADD,ASK,149.93,10
10:00:240,ADD,BID,149.74,10
10:00:240,ADD,ASK,149.94,10
10:00:241,ADD,BID,149.75,10
10:00:241,ADD,ASK,149.95,10
10:00:242,ADD,BID,149.80,10
10:00:242,ADD,ASK,150.00,10
10:00:243,ADD,BID,149.78,10
10:00:243,ADD,ASK,149.98,10
10:00:244,ADD,BID,149.78,10
10:00:244,ADD,ASK,149.98,10
10:00:245,ADD,BID,149.78,10
10:00:245,ADD,ASK,149.98,10
10:00:246,ADD,BID,149.80,10
10:00:246,ADD,ASK,150.00,10
10:00:247,ADD,BID,149.79,10
10:00:247,ADD,ASK,149.99,10
10:00:248,ADD,BID,149.76,10
10:00:248,ADD,ASK,149.96,10
10:00:249,ADD,BID,149.73,10
10:00:249,ADD,ASK,149.93,10
10:00:250,ADD,BID,149.77,10
10:00:250,ADD,ASK,149.97,10
10:00:251,ADD,BID,149.78,10
10:00:251,ADD,ASK,149.98,10
10:00:252,ADD,BID,149.74,10
10:00:252,ADD,ASK,149.94,10
10:00:253,ADD,BID,149.75,10
10:00:253,ADD,ASK,149.95,10
10:00:254,ADD,BID,149.78,10
10:00:254,ADD,ASK,149.98,10
10:00:255,ADD,BID,149.77,10
10:00:255,ADD,ASK,149.97,10
10:00:256,ADD,BID,149.72,10
10:00:256,ADD,ASK,149.92,10
10:00:257,ADD,BID,149.69,10
10:00:257,ADD,ASK,149.89,10
10:00:258,ADD,BID,149.66,10
10:00:258,ADD,ASK,149.86,10
10:00:259,ADD,BID,149.65,10
10:00:259,ADD,ASK,149.85,10
10:00:260,ADD,BID,149.68,10
10:00:260,ADD,ASK,149.88,10
10:00:261,ADD,BID,149.63,10
10:00:261,ADD,ASK,149.83,10
10:00:262,ADD,BID,149.60,10
10:00:262,ADD,ASK,149.80,10
10:00:263,ADD,BID,149.62,10
10:00:263,ADD,ASK,149.82,10
10:00:264,ADD,BID,149.61,10
10:00:264,ADD,ASK,149.81,10
10:00:265,ADD,BID,149.58,10
10:00:265,ADD,ASK,149.78,10
10:00:266,ADD,BID,149.58,10
10:00:266,ADD,ASK,149.78,10
10:00:267,ADD,BID,149.54,10
10:00:267,ADD,ASK,149.74,10
10:00:268,ADD,BID,149.52,10
10:00:268,ADD,ASK,149.72,10
10:00:269,ADD,BID,149.56,10
10:00:269,ADD,ASK,149.76,10
10:00:270,ADD,BID,149.51,10
10:00:270,ADD,ASK,149.71,10
10:00:271,ADD,BID,149.53,10
10:00:271,ADD,ASK,149.73,10
10:00:272,ADD,BID,149.57,10
10:00:272,ADD,ASK,149.77,10
10:00:273,ADD,BID,149.53,10
10:00:273,ADD,ASK,149.73,10
10:00:274,ADD,BID,149.53,10
10:00:274,ADD,ASK,149.73,10
10:00:275,ADD,BID,149.54,10
10:00:275,ADD,ASK,149.74,10
10:00:276,ADD,BID,149.51,10
10:00:276,ADD,ASK,149.71,10
10:00:277,ADD,BID,149.54,10
10:00:277,ADD,ASK,149.74,10
10:00:278,ADD,BID,149.53,10
10:00:278,ADD,ASK,149.73,10
10:00:279,ADD,BID,149.54,10
10:00:279,ADD,ASK,149.74,10
10:00:280,ADD,BID,149.54,10
10:00:280,ADD,ASK,149.74,10
10:00:281,ADD,BID,149.56,10
10:00:281,ADD,ASK,149.76,10
10:00:282,ADD,BID,149.57,10
10:00:282,ADD,ASK,149.77,10
10:00:283,ADD,BID,149.55,10
10:00:283,ADD,ASK,149.75,10
10:00:284,ADD,BID,149.50,10
10:00:284,ADD,ASK,149.70,10
10:00:285,ADD,BID,149.51,10
10:00:285,ADD,ASK,149.71,10
10:00:286,ADD,BID,149.56,10
10:00:286,ADD,ASK,149.76,10
10:00:287,ADD,BID,149.54,10
10:00:287,ADD,ASK,149.74,10
10:00:288,ADD,BID,149.50,10
10:00:288,ADD,ASK,149.70,10
10:00:289,ADD,BID,149.54,10
10:00:289,ADD,ASK,149.74,10
10:00:290,ADD,BID,149.51,10
10:00:290,ADD,ASK,149.71,10
10:00:291,ADD,BID,149.53,10
10:00:291,ADD,ASK,149.73,10
10:00:292,ADD,BID,149.55,10
10:00:292,ADD,ASK,149.75,10
10:00:293,ADD,BID,149.52,10
10:00:293,ADD,ASK,149.72,10
10:00:294,ADD,BID,149.53,10
10:00:294,ADD,ASK,149.73,10
10:00:295,ADD,BID,149.50,10
10:00:295,ADD,ASK,149.70,10
10:00:296,ADD,BID,149.54,10
10:00:296,ADD,ASK,149.74,10
10:00:297,ADD,BID,149.49,10
10:00:297,ADD,ASK,149.69,10
10:00:298,ADD,BID,149.49,10
10:00:298,ADD,ASK,149.69,10
10:00:299,ADD,BID,149.44,10
10:00:299,ADD,ASK,149.64,10
10:00:300,ADD,BID,149.48,10
10:00:300,ADD,ASK,149.68,10
10:00:301,ADD,BID,149.49,10
10:00:301,ADD,ASK,149.69,10
10:00:302,ADD,BID,149.53,10
10:00:302,ADD,ASK,149.73,10
10:00:303,ADD,BID,149.52,10
10:00:303,ADD,ASK,149.72,10
10:00:304,ADD,BID,149.55,10
10:00:304,ADD,ASK,149.75,10
10:00:305,ADD,BID,149.52,10
10:00:305,ADD,ASK,149.72,10
10:00:306,ADD,BID,149.53,10
10:00:306,ADD,ASK,149.73,10
10:00:307,ADD,BID,149.54,10
10:00:307,ADD,ASK,149.74,10
10:00:308,ADD,BID,149.55,10
10:00:308,ADD,ASK,149.75,10
10:00:309,ADD,BID,149.55,10
10:00:309,ADD,ASK,149.75,10
10:00:310,ADD,BID,149.51,10
10:00:310,ADD,ASK,149.71,10
10:00:311,ADD,BID,149.50,10
10:00:311,ADD,ASK,149.70,10
10:00:312,ADD,BID,149.53,10
10:00:312,ADD,ASK,149.73,10
10:00:313,ADD,BID,149.53,10
10:00:313,ADD,ASK,149.73,10
10:00:314,ADD,BID,149.50,10
10:00:314,ADD,ASK,149.70,10
10:00:315,ADD,BID,149.47,10
10:00:315,ADD,ASK,149.67,10
10:00:316,ADD,BID,149.49,10
10:00:316,ADD,ASK,149.69,10
10:00:317,ADD,BID,149.46,10
10:00:317,ADD,ASK,149.66,10
10:00:318,ADD,BID,149.43,10
10:00:318,ADD,ASK,149.63,10
10:00:319,ADD,BID,149.43,10
10:00:319,ADD,ASK,149.63,10
10:00:320,ADD,BID,149.40,10
10:00:320,ADD,ASK,149.60,10
10:00:321,ADD,BID,149.38,10
10:00:321,ADD,ASK,149.58,10
10:00:322,ADD,BID,149.35,10
10:00:322,ADD,ASK,149.55,10
10:00:323,ADD,BID,149.38,10
10:00:323,ADD,ASK,149.58,10
10:00:324,ADD,BID,149.36,10
10:00:324,ADD,ASK,149.56,10
10:00:325,ADD,BID,149.41,10
10:00:325,ADD,ASK,149.61,10
10:00:326,ADD,BID,149.37,10
10:00:326,ADD,ASK,149.57,10
10:00:327,ADD,BID,149.39,10
10:00:327,ADD,ASK,149.59,10
10:00:328,ADD,BID,149.37,10
10:00:328,ADD,ASK,149.57,10
10:00:329,ADD,BID,149.35,10
10:00:329,ADD,ASK,149.55,10
10:00:330,ADD,BID,149.34,10
10:00:330,ADD,ASK,149.54,10
10:00:331,ADD,BID,149.31,10
10:00:331,ADD,ASK,149.51,10
10:00:332,ADD,BID,149.27,10
10:00:332,ADD,ASK,149.47,10
10:00:333,ADD,BID,149.26,10
10:00:333,ADD,ASK,149.46,10
10:00:334,ADD,BID,149.24,10
10:00:334,ADD,ASK,149.44,10
10:00:335,ADD,BID,149.28,10
10:00:335,ADD,ASK,149.48,10
10:00:336,ADD,BID,149.31,10
10:00:336,ADD,ASK,149.51,10
10:00:337,ADD,BID,149.33,10
10:00:337,ADD,ASK,149.53,10
10:00:338,ADD,BID,149.37,10
10:00:338,ADD,ASK,149.57,10
10:00:339,ADD,BID,149.42,10
10:00:339,ADD,ASK,149.62,10
10:00:340,ADD,BID,149.47,10
10:00:340,ADD,ASK,149.67,10
10:00:341,ADD,BID,149.51,10
10:00:341,ADD,ASK,149.71,10
10:00:342,ADD,BID,149.48,10
10:00:342,ADD,ASK,149.68,10
10:00:343,ADD,BID,149.53,10
10:00:343,ADD,ASK,149.73,10
10:00:344,ADD,BID,149.48,10
10:00:344,ADD,ASK,149.68,10
10:00:345,ADD,BID,149.44,10
10:00:345,ADD,ASK,149.64,10
10:00:346,ADD,BID,149.42,10
10:00:346,ADD,ASK,149.62,10
10:00:347,ADD,BID,149.39,10
10:00:347,ADD,ASK,149.59,10
10:00:348,ADD,BID,149.42,10
10:00:348,ADD,ASK,149.62,10
10:00:349,ADD,BID,149.44,10
10:00:349,ADD,ASK,149.64,10
10:00:350,ADD,BID,149.41,10
10:00:350,ADD,ASK,149.61,10
10:00:351,ADD,BID,149.39,10
10:00:351,ADD,ASK,149.59,10
10:00:352,ADD,BID,149.35,10
10:00:352,ADD,ASK,149.55,10
10:00:353,ADD,BID,149.36,10
10:00:353,ADD,ASK,149.56,10
10:00:354,ADD,BID,149.38,10
10:00:354,ADD,ASK,149.58,10
10:00:355,ADD,BID,149.43,10
10:00:355,ADD,ASK,149.63,10
10:00:356,ADD,BID,149.45,10
10:00:356,ADD,ASK,149.65,10
10:00:357,ADD,BID,149.45,10
10:00:357,ADD,ASK,149.65,10
10:00:358,ADD,BID,149.42,10
10:00:358,ADD,ASK,149.62,10
10:00:359,ADD,BID,149.41,10
10:00:359,ADD,ASK,149.61,10
10:00:360,ADD,BID,149.44,10
10:00:360,ADD,ASK,149.64,10
10:00:361,ADD,BID,149.48,10
10:00:361,ADD,ASK,149.68,10
10:00:362,ADD,BID,149.51,10
10:00:362,ADD,ASK,149.71,10
10:00:363,ADD,BID,149.47,10
10:00:363,ADD,ASK,149.67,10
10:00:364,ADD,BID,149.45,10
10:00:364,ADD,ASK,149.65,10
10:00:365,ADD,BID,149.41,10
10:00:365,ADD,ASK,149.61,10
10:00:366,ADD,BID,149.44,10
10:00:366,ADD,ASK,149.64,10
10:00:367,ADD,BID,149.44,10
10:00:367,ADD,ASK,149.64,10
10:00:368,ADD,BID,149.48,10
10:00:368,ADD,ASK,149.68,10
10:00:369,ADD,BID,149.46,10
10:00:369,ADD,ASK,149.66,10
10:00:370,ADD,BID,149.43,10
10:00:370,ADD,ASK,149.63,10
10:00:371,ADD,BID,149.42,10
10:00:371,ADD,ASK,149.62,10
10:00:372,ADD,BID,149.38,10
10:00:372,ADD,ASK,149.58,10
10:00:373,ADD,BID,149.43,10
10:00:373,ADD,ASK,149.63,10
10:00:374,ADD,BID,149.44,10
10:00:374,ADD,ASK,149.64,10
10:00:375,ADD,BID,149.44,10
10:00:375,ADD,ASK,149.64,10
10:00:376,ADD,BID,149.47,10
10:00:376,ADD,ASK,149.67,10
10:00:377,ADD,BID,149.44,10
10:00:377,ADD,ASK,149.64,10
10:00:378,ADD,BID,149.45,10
10:00:378,ADD,ASK,149.65,10
10:00:379,ADD,BID,149.47,10
10:00:379,ADD,ASK,149.67,10
10:00:380,ADD,BID,149.44,10
10:00:380,ADD,ASK,149.64,10
10:00:381,ADD,BID,149.41,10
10:00:381,ADD,ASK,149.61,10
10:00:382,ADD,BID,149.37,10
10:00:382,ADD,ASK,149.57,10
10:00:383,ADD,BID,149.41,10
10:00:383,ADD,ASK,149.61,10
10:00:384,ADD,BID,149.41,10
10:00:384,ADD,ASK,149.61,10
10:00:385,ADD,BID,149.43,10
10:00:385,ADD,ASK,149.63,10
10:00:386,ADD,BID,149.38,10
10:00:386,ADD,ASK,149.58,10
10:00:387,ADD,BID,149.37,10
10:00:387,ADD,ASK,149.57,10
10:00:388,ADD,BID,149.36,10
10:00:388,ADD,ASK,149.56,10
10:00:389,ADD,BID,149.37,10
10:00:389,ADD,ASK,149.57,10
10:00:390,ADD,BID,149.32,10
10:00:390,ADD,ASK,149.52,10
10:00:391,ADD,BID,149.33,10
10:00:391,ADD,ASK,149.53,10
10:00:392,ADD,BID,149.37,10
10:00:392,ADD,ASK,149.57,10
10:00:393,ADD,BID,149.42,10
10:00:393,ADD,ASK,149.62,10
10:00:394,ADD,BID,149.43,10
10:00:394,ADD,ASK,149.63,10
10:00:395,ADD,BID,149.41,10
10:00:395,ADD,ASK,149.61,10
10:00:396,ADD,BID,149.39,10
10:00:396,ADD,ASK,149.59,10
10:00:397,ADD,BID,149.40,10
10:00:397,ADD,ASK,149.60,10
10:00:398,ADD,BID,149.42,10
10:00:398,ADD,ASK,149.62,10
10:00:399,ADD,BID,149.45,10
10:00:399,ADD,ASK,149.65,10
10:00:400,ADD,BID,149.40,10
10:00:400,ADD,ASK,149.60,10
10:00:401,ADD,BID,149.36,10
10:00:401,ADD,ASK,149.56,10
10:00:402,ADD,BID,149.40,10
10:00:402,ADD,ASK,149.60,10
10:00:403,ADD,BID,149.41,10
10:00:403,ADD,ASK,149.61,10
10:00:404,ADD,BID,149.44,10
10:00:404,ADD,ASK,149.64,10
10:00:405,ADD,BID,149.45,10
10:00:405,ADD,ASK,149.65,10
10:00:406,ADD,BID,149.46,10
10:00:406,ADD,ASK,149.66,10
10:00:407,ADD,BID,149.49,10
10:00:407,ADD,ASK,149.69,10
10:00:408,ADD,BID,149.50,10
10:00:408,ADD,ASK,149.70,10
10:00:409,ADD,BID,149.54,10
10:00:409,ADD,ASK,149.74,10
10:00:410,ADD,BID,149.59,10
10:00:410,ADD,ASK,149.79,10
10:00:411,ADD,BID,149.60,10
10:00:411,ADD,ASK,149.80,10
10:00:412,ADD,BID,149.60,10
10:00:412,ADD,ASK,149.80,10
10:00:413,ADD,BID,149.59,10
10:00:413,ADD,ASK,149.79,10
10:00:414,ADD,BID,149.60,10
10:00:414,ADD,ASK,149.80,10
10:00:415,ADD,BID,149.58,10
10:00:415,ADD,ASK,149.78,10
10:00:416,ADD,BID,149.54,10
10:00:416,ADD,ASK,149.74,10
10:00:417,ADD,BID,149.58,10
10:00:417,ADD,ASK,149.78,10
10:00:418,ADD,BID,149.55,10
10:00:418,ADD,ASK,149.75,10
10:00:419,ADD,BID,149.51,10
10:00:419,ADD,ASK,149.71,10
10:00:420,ADD,BID,149.50,10
10:00:420,ADD,ASK,149.70,10
10:00:421,ADD,BID,149.50,10
10:00:421,ADD,ASK,149.70,10
10:00:422,ADD,BID,149.54,10
10:00:422,ADD,ASK,149.74,10
10:00:423,ADD,BID,149.54,10
10:00:423,ADD,ASK,149.74,10
10:00:424,ADD,BID,149.50,10
10:00:424,ADD,ASK,149.70,10
10:00:425,ADD,BID,149.55,10
10:00:425,ADD,ASK,149.75,10
10:00:426,ADD,BID,149.58,10
10:00:426,ADD,ASK,149.78,10
10:00:427,ADD,BID,149.56,10
10:00:427,ADD,ASK,149.76,10
10:00:428,ADD,BID,149.60,10
10:00:428,ADD,ASK,149.80,10
10:00:429,ADD,BID,149.60,10
10:00:429,ADD,ASK,149.80,10
10:00:430,ADD,BID,149.62,10
10:00:430,ADD,ASK,149.82,10
10:00:431,ADD,BID,149.59,10
10:00:431,ADD,ASK,149.79,10
10:00:432,ADD,BID,149.58,10
10:00:432,ADD,ASK,149.78,10
10:00:433,ADD,BID,149.59,10
10:00:433,ADD,ASK,149.79,10
10:00:434,ADD,BID,149.63,10
10:00:434,ADD,ASK,149.83,10
10:00:435,ADD,BID,149.66,10
10:00:435,ADD,ASK,149.86,10
10:00:436,ADD,BID,149.69,10
10:00:436,ADD,ASK,149.89,10
10:00:437,ADD,BID,149.69,10
10:00:437,ADD,ASK,149.89,10
10:00:438,ADD,BID,149.67,10
10:00:438,ADD,ASK,149.87,10
10:00:439,ADD,BID,149.63,10
10:00:439,ADD,ASK,149.83,10
10:00:440,ADD,BID,149.67,10
10:00:440,ADD,ASK,149.87,10
10:00:441,ADD,BID,149.68,10
10:00:441,ADD,ASK,149.88,10
10:00:442,ADD,BID,149.63,10
10:00:442,ADD,ASK,149.83,10
10:00:443,ADD,BID,149.64,10
10:00:443,ADD,ASK,149.84,10
10:00:444,ADD,BID,149.66,10
10:00:444,ADD,ASK,149.86,10
10:00:445,ADD,BID,149.66,10
10:00:445,ADD,ASK,149.86,10
10:00:446,ADD,BID,149.69,10
10:00:446,ADD,ASK,149.89,10
10:00:447,ADD,BID,149.73,10
10:00:447,ADD,ASK,149.93,10
10:00:448,ADD,BID,149.76,10
10:00:448,ADD,ASK,149.96,10
10:00:449,ADD,BID,149.72,10
10:00:449,ADD,ASK,149.92,10
10:00:450,ADD,BID,149.70,10
10:00:450,ADD,ASK,149.90,10
10:00:451,ADD,BID,149.70,10
10:00:451,ADD,ASK,149.90,10
10:00:452,ADD,BID,149.69,10
10:00:452,ADD,ASK,149.89,10
10:00:453,ADD,BID,149.65,10
10:00:453,ADD,ASK,149.85,10
10:00:454,ADD,BID,149.64,10
10:00:454,ADD,ASK,149.84,10
10:00:455,ADD,BID,149.60,10
10:00:455,ADD,ASK,149.80,10
10:00:456,ADD,BID,149.60,10
10:00:456,ADD,ASK,149.80,10
10:00:457,ADD,BID,149.57,10
10:00:457,ADD,ASK,149.77,10
10:00:458,ADD,BID,149.52,10
10:00:458,ADD,ASK,149.72,10
10:00:459,ADD,BID,149.48,10
10:00:459,ADD,ASK,149.68,10
10:00:460,ADD,BID,149.45,10
10:00:460,ADD,ASK,149.65,10
10:00:461,ADD,BID,149.46,10
10:00:461,ADD,ASK,149.66,10
10:00:462,ADD,BID,149.51,10
10:00:462,ADD,ASK,149.71,10
10:00:463,ADD,BID,149.47,10
10:00:463,ADD,ASK,149.67,10
10:00:464,ADD,BID,149.49,10
10:00:464,ADD,ASK,149.69,10
10:00:465,ADD,BID,149.50,10
10:00:465,ADD,ASK,149.70,10
10:00:466,ADD,BID,149.47,10
10:00:466,ADD,ASK,149.67,10
10:00:467,ADD,BID,149.44,10
10:00:467,ADD,ASK,149.64,10
10:00:468,ADD,BID,149.40,10
10:00:468,ADD,ASK,149.60,10
10:00:469,ADD,BID,149.43,10
10:00:469,ADD,ASK,149.63,10
10:00:470,ADD,BID,149.42,10
10:00:470,ADD,ASK,149.62,10
10:00:471,ADD,BID,149.41,10
10:00:471,ADD,ASK,149.61,10
10:00:472,ADD,BID,149.44,10
10:00:472,ADD,ASK,149.64,10
10:00:473,ADD,BID,149.41,10
10:00:473,ADD,ASK,149.61,10
10:00:474,ADD,BID,149.39,10
10:00:474,ADD,ASK,149.59,10
10:00:475,ADD,BID,149.42,10
10:00:475,ADD,ASK,149.62,10
10:00:476,ADD,BID,149.42,10
10:00:476,ADD,ASK,149.62,10
10:00:477,ADD,BID,149.38,10
10:00:477,ADD,ASK,149.58,10
10:00:478,ADD,BID,149.39,10
10:00:478,ADD,ASK,149.59,10
10:00:479,ADD,BID,149.43,10
10:00:479,ADD,ASK,149.63,10
10:00:480,ADD,BID,149.44,10
10:00:480,ADD,ASK,149.64,10
10:00:481,ADD,BID,149.49,10
10:00:481,ADD,ASK,149.69,10
10:00:482,ADD,BID,149.50,10
10:00:482,ADD,ASK,149.70,10
10:00:483,ADD,BID,149.46,10
10:00:483,ADD,ASK,149.66,10
10:00:484,ADD,BID,149.44,10
10:00:484,ADD,ASK,149.64,10
10:00:485,ADD,BID,149.42,10
10:00:485,ADD,ASK,149.62,10
10:00:486,ADD,BID,149.43,10
10:00:486,ADD,ASK,149.63,10
10:00:487,ADD,BID,149.39,10
10:00:487,ADD,ASK,149.59,10
10:00:488,ADD,BID,149.38,10
10:00:488,ADD,ASK,149.58,10
10:00:489,ADD,BID,149.39,10
10:00:489,ADD,ASK,149.59,10
10:00:490,ADD,BID,149.42,10
10:00:490,ADD,ASK,149.62,10
10:00:491,ADD,BID,149.42,10
10:00:491,ADD,ASK,149.62,10
10:00:492,ADD,BID,149.45,10
10:00:492,ADD,ASK,149.65,10
10:00:493,ADD,BID,149.47,10
10:00:493,ADD,ASK,149.67,10
10:00:494,ADD,BID,149.43,10
10:00:494,ADD,ASK,149.63,10
10:00:495,ADD,BID,149.48,10
10:00:495,ADD,ASK,149.68,10
10:00:496,ADD,BID,149.43,10
10:00:496,ADD,ASK,149.63,10
10:00:497,ADD,BID,149.41,10
10:00:497,ADD,ASK,149.61,10
10:00:498,ADD,BID,149.40,10
10:00:498,ADD,ASK,149.60,10
10:00:499,ADD,BID,149.44,10
10:00:499,ADD,ASK,149.64,10
10:00:500,ADD,BID,149.39,10
10:00:500,ADD,ASK,149.59,10
10:00:501,ADD,BID,149.38,10
10:00:501,ADD,ASK,149.58,10
10:00:502,ADD,BID,149.39,10
10:00:502,ADD,ASK,149.59,10
10:00:503,ADD,BID,149.40,10
10:00:503,ADD,ASK,149.60,10
10:00:504,ADD,BID,149.42,10
10:00:504,ADD,ASK,149.62,10
10:00:505,ADD,BID,149.44,10
10:00:505,ADD,ASK,149.64,10
10:00:506,ADD,BID,149.46,10
10:00:506,ADD,ASK,149.66,10
10:00:507,ADD,BID,149.43,10
10:00:507,ADD,ASK,149.63,10
10:00:508,ADD,BID,149.39,10
10:00:508,ADD,ASK,149.59,10
10:00:509,ADD,BID,149.40,10
10:00:509,ADD,ASK,149.60,10
10:00:510,ADD,BID,149.43,10
10:00:510,ADD,ASK,149.63,10
10:00:511,ADD,BID,149.44,10
10:00:511,ADD,ASK,149.64,10
10:00:512,ADD,BID,149.46,10
10:00:512,ADD,ASK,149.66,10
10:00:513,ADD,BID,149.44,10
10:00:513,ADD,ASK,149.64,10
10:00:514,ADD,BID,149.42,10
10:00:514,ADD,ASK,149.62,10
10:00:515,ADD,BID,149.45,10
10:00:515,ADD,ASK,149.65,10
10:00:516,ADD,BID,149.48,10
10:00:516,ADD,ASK,149.68,10
10:00:517,ADD,BID,149.52,10
10:00:517,ADD,ASK,149.72,10
10:00:518,ADD,BID,149.52,10
10:00:518,ADD,ASK,149.72,10
10:00:519,ADD,BID,149.53,10
10:00:519,ADD,ASK,149.73,10
10:00:520,ADD,BID,149.54,10
10:00:520,ADD,ASK,149.74,10
10:00:521,ADD,BID,149.51,10
10:00:521,ADD,ASK,149.71,10
10:00:522,ADD,BID,149.52,10
10:00:522,ADD,ASK,149.72,10
10:00:523,ADD,BID,149.49,10
10:00:523,ADD,ASK,149.69,10
10:00:524,ADD,BID,149.45,10
10:00:524,ADD,ASK,149.65,10
10:00:525,ADD,BID,149.46,10
10:00:525,ADD,ASK,149.66,10
10:00:526,ADD,BID,149.46,10
10:00:526,ADD,ASK,149.66,10
10:00:527,ADD,BID,149.42,10
10:00:527,ADD,ASK,149.62,10
10:00:528,ADD,BID,149.38,10
10:00:528,ADD,ASK,149.58,10
10:00:529,ADD,BID,149.34,10
10:00:529,ADD,ASK,149.54,10
10:00:530,ADD,BID,149.39,10
10:00:530,ADD,ASK,149.59,10
10:00:531,ADD,BID,149.35,10
10:00:531,ADD,ASK,149.55,10
10:00:532,ADD,BID,149.38,10
10:00:532,ADD,ASK,149.58,10
10:00:533,ADD,BID,149.37,10
10:00:533,ADD,ASK,149.57,10
10:00:534,ADD,BID,149.41,10
10:00:534,ADD,ASK,149.61,10
10:00:535,ADD,BID,149.43,10
10:00:535,ADD,ASK,149.63,10
10:00:536,ADD,BID,149.45,10
10:00:536,ADD,ASK,149.65,10
10:00:537,ADD,BID,149.41,10
10:00:537,ADD,ASK,149.61,10
10:00:538,ADD,BID,149.44,10
10:00:538,ADD,ASK,149.64,10
10:00:539,ADD,BID,149.40,10
10:00:539,ADD,ASK,149.60,10
10:00:540,ADD,BID,149.37,10
10:00:540,ADD,ASK,149.57,10
10:00:541,ADD,BID,149.41,10
10:00:541,ADD,ASK,149.61,10
10:00:542,ADD,BID,149.37,10
10:00:542,ADD,ASK,149.57,10
10:00:543,ADD,BID,149.39,10
10:00:543,ADD,ASK,149.59,10
10:00:544,ADD,BID,149.37,10
10:00:544,ADD,ASK,149.57,10
10:00:545,ADD,BID,149.33,10
10:00:545,ADD,ASK,149.53,10
10:00:546,ADD,BID,149.28,10
10:00:546,ADD,ASK,149.48,10
10:00:547,ADD,BID,149.25,10
10:00:547,ADD,ASK,149.45,10
10:00:548,ADD,BID,149.28,10
10:00:548,ADD,ASK,149.48,10
10:00:549,ADD,BID,149.29,10
10:00:549,ADD,ASK,149.49,10
10:00:550,ADD,BID,149.31,10
10:00:550,ADD,ASK,149.51,10
10:00:551,ADD,BID,149.28,10
10:00:551,ADD,ASK,149.48,10
10:00:552,ADD,BID,149.24,10
10:00:552,ADD,ASK,149.44,10
10:00:553,ADD,BID,149.20,10
10:00:553,ADD,ASK,149.40,10
10:00:554,ADD,BID,149.21,10
10:00:554,ADD,ASK,149.41,10
10:00:555,ADD,BID,149.24,10
10:00:555,ADD,ASK,149.44,10
10:00:556,ADD,BID,149.26,10
10:00:556,ADD,ASK,149.46,10
10:00:557,ADD,BID,149.21,10
10:00:557,ADD,ASK,149.41,10
10:00:558,ADD,BID,149.22,10
10:00:558,ADD,ASK,149.42,10
10:00:559,ADD,BID,149.23,10
10:00:559,ADD,ASK,149.43,10
10:00:560,ADD,BID,149.26,10
10:00:560,ADD,ASK,149.46,10
10:00:561,ADD,BID,149.27,10
10:00:561,ADD,ASK,149.47,10
10:00:562,ADD,BID,149.31,10
10:00:562,ADD,ASK,149.51,10
10:00:563,ADD,BID,149.30,10
10:00:563,ADD,ASK,149.50,10
10:00:564,ADD,BID,149.35,10
10:00:564,ADD,ASK,149.55,10
10:00:565,ADD,BID,149.31,10
10:00:565,ADD,ASK,149.51,10
10:00:566,ADD,BID,149.31,10
10:00:566,ADD,ASK,149.51,10
10:00:567,ADD,BID,149.28,10
10:00:567,ADD,ASK,149.48,10
10:00:568,ADD,BID,149.27,10
10:00:568,ADD,ASK,149.47,10
10:00:569,ADD,BID,149.29,10
10:00:569,ADD,ASK,149.49,10
10:00:570,ADD,BID,149.28,10
10:00:570,ADD,ASK,149.48,10
10:00:571,ADD,BID,149.31,10
10:00:571,ADD,ASK,149.51,10
10:00:572,ADD,BID,149.33,10
10:00:572,ADD,ASK,149.53,10
10:00:573,ADD,BID,149.36,10
10:00:573,ADD,ASK,149.56,10
10:00:574,ADD,BID,149.37,10
10:00:574,ADD,ASK,149.57,10
10:00:575,ADD,BID,149.35,10
10:00:575,ADD,ASK,149.55,10
10:00:576,ADD,BID,149.34,10
10:00:576,ADD,ASK,149.54,10
10:00:577,ADD,BID,149.39,10
10:00:577,ADD,ASK,149.59,10
10:00:578,ADD,BID,149.44,10
10:00:578,ADD,ASK,149.64,10
10:00:579,ADD,BID,149.48,10
10:00:579,ADD,ASK,149.68,10
10:00:580,ADD,BID,149.51,10
10:00:580,ADD,ASK,149.71,10
10:00:581,ADD,BID,149.53,10
10:00:581,ADD,ASK,149.73,10
10:00:582,ADD,BID,149.49,10
10:00:582,ADD,ASK,149.69,10
10:00:583,ADD,BID,149.46,10
10:00:583,ADD,ASK,149.66,10
10:00:584,ADD,BID,149.50,10
10:00:584,ADD,ASK,149.70,10
10:00:585,ADD,BID,149.46,10
10:00:585,ADD,ASK,149.66,10
10:00:586,ADD,BID,149.45,10
10:00:586,ADD,ASK,149.65,10
10:00:587,ADD,BID,149.46,10
10:00:587,ADD,ASK,149.66,10
10:00:588,ADD,BID,149.44,10
10:00:588,ADD,ASK,149.64,10
10:00:589,ADD,BID,149.48,10
10:00:589,ADD,ASK,149.68,10
10:00:590,ADD,BID,149.53,10
10:00:590,ADD,ASK,149.73,10
10:00:591,ADD,BID,149.48,10
10:00:591,ADD,ASK,149.68,10
10:00:592,ADD,BID,149.43,10
10:00:592,ADD,ASK,149.63,10
10:00:593,ADD,BID,149.42,10
10:00:593,ADD,ASK,149.62,10
10:00:594,ADD,BID,149.44,10
10:00:594,ADD,ASK,149.64,10
10:00:595,ADD,BID,149.47,10
10:00:595,ADD,ASK,149.67,10
10:00:596,ADD,BID,149.51,10
10:00:596,ADD,ASK,149.71,10
10:00:597,ADD,BID,149.54,10
10:00:597,ADD,ASK,149.74,10
10:00:598,ADD,BID,149.51,10
10:00:598,ADD,ASK,149.71,10
10:00:599,ADD,BID,149.52,10
10:00:599,ADD,ASK,149.72,10
10:00:600,ADD,BID,149.57,10
10:00:600,ADD,ASK,149.77,10
10:00:601,ADD,BID,149.56,10
10:00:601,ADD,ASK,149.76,10
10:00:602,ADD,BID,149.57,10
10:00:602,ADD,ASK,149.77,10
10:00:603,ADD,BID,149.60,10
10:00:603,ADD,ASK,149.80,10
10:00:604,ADD,BID,149.63,10
10:00:604,ADD,ASK,149.83,10
10:00:605,ADD,BID,149.66,10
10:00:605,ADD,ASK,149.86,10
10:00:606,ADD,BID,149.64,10
10:00:606,ADD,ASK,149.84,10
10:00:607,ADD,BID,149.64,10
10:00:607,ADD,ASK,149.84,10
10:00:608,ADD,BID,149.64,10
10:00:608,ADD,ASK,149.84,10
10:00:609,ADD,BID,149.61,10
10:00:609,ADD,ASK,149.81,10
10:00:610,ADD,BID,149.62,10
10:00:610,ADD,ASK,149.82,10
10:00:611,ADD,BID,149.60,10
10:00:611,ADD,ASK,149.80,10
10:00:612,ADD,BID,149.60,10
10:00:612,ADD,ASK,149.80,10
10:00:613,ADD,BID,149.60,10
10:00:613,ADD,ASK,149.80,10
10:00:614,ADD,BID,149.62,10
10:00:614,ADD,ASK,149.82,10
10:00:615,ADD,BID,149.58,10
10:00:615,ADD,ASK,149.78,10
10:00:616,ADD,BID,149.57,10
10:00:616,ADD,ASK,149.77,10
10:00:617,ADD,BID,149.53,10
10:00:617,ADD,ASK,149.73,10
10:00:618,ADD,BID,149.58,10
10:00:618,ADD,ASK,149.78,10
10:00:619,ADD,BID,149.56,10
10:00:619,ADD,ASK,149.76,10
10:00:620,ADD,BID,149.52,10
10:00:620,ADD,ASK,149.72,10
10:00:621,ADD,BID,149.57,10
10:00:621,ADD,ASK,149.77,10
10:00:622,ADD,BID,149.55,10
10:00:622,ADD,ASK,149.75,10
10:00:623,ADD,BID,149.57,10
10:00:623,ADD,ASK,149.77,10
10:00:624,ADD,BID,149.58,10
10:00:624,ADD,ASK,149.78,10
10:00:625,ADD,BID,149.61,10
10:00:625,ADD,ASK,149.81,10
10:00:626,ADD,BID,149.64,10
10:00:626,ADD,ASK,149.84,10
10:00:627,ADD,BID,149.63,10
10:00:627,ADD,ASK,149.83,10
10:00:628,ADD,BID,149.61,10
10:00:628,ADD,ASK,149.81,10
10:00:629,ADD,BID,149.58,10
10:00:629,ADD,ASK,149.78,10
10:00:630,ADD,BID,149.59,10
10:00:630,ADD,ASK,149.79,10
10:00:631,ADD,BID,149.63,10
10:00:631,ADD,ASK,149.83,10
10:00:632,ADD,BID,149.63,10
10:00:632,ADD,ASK,149.83,10
10:00:633,ADD,BID,149.62,10
10:00:633,ADD,ASK,149.82,10
10:00:634,ADD,BID,149.60,10
10:00:634,ADD,ASK,149.80,10
10:00:635,ADD,BID,149.62,10
10:00:635,ADD,ASK,149.82,10
10:00:636,ADD,BID,149.59,10
10:00:636,ADD,ASK,149.79,10
10:00:637,ADD,BID,149.60,10
10:00:637,ADD,ASK,149.80,10
10:00:638,ADD,BID,149.62,10
10:00:638,ADD,ASK,149.82,10
10:00:639,ADD,BID,149.66,10
10:00:639,ADD,ASK,149.86,10
10:00:640,ADD,BID,149.64,10
10:00:640,ADD,ASK,149.84,10
10:00:641,ADD,BID,149.59,10
10:00:641,ADD,ASK,149.79,10
10:00:642,ADD,BID,149.59,10
10:00:642,ADD,ASK,149.79,10
10:00:643,ADD,BID,149.54,10
10:00:643,ADD,ASK,149.74,10
10:00:644,ADD,BID,149.55,10
10:00:644,ADD,ASK,149.75,10
10:00:645,ADD,BID,149.51,10
10:00:645,ADD,ASK,149.71,10
10:00:646,ADD,BID,149.49,10
10:00:646,ADD,ASK,149.69,10
10:00:647,ADD,BID,149.45,10
10:00:647,ADD,ASK,149.65,10
10:00:648,ADD,BID,149.44,10
10:00:648,ADD,ASK,149.64,10
10:00:649,ADD,BID,149.49,10
10:00:649,ADD,ASK,149.69,10
10:00:650,ADD,BID,149.51,10
10:00:650,ADD,ASK,149.71,10
10:00:651,ADD,BID,149.47,10
10:00:651,ADD,ASK,149.67,10
10:00:652,ADD,BID,149.47,10
10:00:652,ADD,ASK,149.67,10
10:00:653,ADD,BID,149.44,10
10:00:653,ADD,ASK,149.64,10
10:00:654,ADD,BID,149.43,10
10:00:654,ADD,ASK,149.63,10
10:00:655,ADD,BID,149.46,10
10:00:655,ADD,ASK,149.66,10
10:00:656,ADD,BID,149.42,10
10:00:656,ADD,ASK,149.62,10
10:00:657,ADD,BID,149.41,10
10:00:657,ADD,ASK,149.61,10
10:00:658,ADD,BID,149.46,10
10:00:658,ADD,ASK,149.66,10
10:00:659,ADD,BID,149.44,10
10:00:659,ADD,ASK,149.64,10
10:00:660,ADD,BID,149.45,10
10:00:660,ADD,ASK,149.65,10
10:00:661,ADD,BID,149.45,10
10:00:661,ADD,ASK,149.65,10
10:00:662,ADD,BID,149.46,10
10:00:662,ADD,ASK,149.66,10
10:00:663,ADD,BID,149.50,10
10:00:663,ADD,ASK,149.70,10
10:00:664,ADD,BID,149.54,10
10:00:664,ADD,ASK,149.74,10
10:00:665,ADD,BID,149.55,10
10:00:665,ADD,ASK,149.75,10
10:00:666,ADD,BID,149.59,10
10:00:666,ADD,ASK,149.79,10
10:00:667,ADD,BID,149.58,10
10:00:667,ADD,ASK,149.78,10
10:00:668,ADD,BID,149.59,10
10:00:668,ADD,ASK,149.79,10
10:00:669,ADD,BID,149.57,10
10:00:669,ADD,ASK,149.77,10
10:00:670,ADD,BID,149.56,10
10:00:670,ADD,ASK,149.76,10
10:00:671,ADD,BID,149.55,10
10:00:671,ADD,ASK,149.75,10
10:00:672,ADD,BID,149.58,10
10:00:672,ADD,ASK,149.78,10
10:00:673,ADD,BID,149.57,10
10:00:673,ADD,ASK,149.77,10
10:00:674,ADD,BID,149.61,10
10:00:674,ADD,ASK,149.81,10
10:00:675,ADD,BID,149.65,10
10:00:675,ADD,ASK,149.85,10
10:00:676,ADD,BID,149.68,10
10:00:676,ADD,ASK,149.88,10
10:00:677,ADD,BID,149.64,10
10:00:677,ADD,ASK,149.84,10
10:00:678,ADD,BID,149.64,10
10:00:678,ADD,ASK,149.84,10
10:00:679,ADD,BID,149.62,10
10:00:679,ADD,ASK,149.82,10
10:00:680,ADD,BID,149.59,10
10:00:680,ADD,ASK,149.79,10
10:00:681,ADD,BID,149.63,10
10:00:681,ADD,ASK,149.83,10
10:00:682,ADD,BID,149.66,10
10:00:682,ADD,ASK,149.86,10
10:00:683,ADD,BID,149.67,10
10:00:683,ADD,ASK,149.87,10
10:00:684,ADD,BID,149.68,10
10:00:684,ADD,ASK,149.88,10
10:00:685,ADD,BID,149.68,10
10:00:685,ADD,ASK,149.88,10
10:00:686,ADD,BID,149.69,10
10:00:686,ADD,ASK,149.89,10
10:00:687,ADD,BID,149.64,10
10:00:687,ADD,ASK,149.84,10
10:00:688,ADD,BID,149.60,10
10:00:688,ADD,ASK,149.80,10
10:00:689,ADD,BID,149.64,10
10:00:689,ADD,ASK,149.84,10
10:00:690,ADD,BID,149.68,10
10:00:690,ADD,ASK,149.88,10
10:00:691,ADD,BID,149.67,10
10:00:691,ADD,ASK,149.87,10
10:00:692,ADD,BID,149.62,10
10:00:692,ADD,ASK,149.82,10
10:00:693,ADD,BID,149.62,10
10:00:693,ADD,ASK,149.82,10
10:00:694,ADD,BID,149.61,10
10:00:694,ADD,ASK,149.81,10
10:00:695,ADD,BID,149.60,10
10:00:695,ADD,ASK,149.80,10
10:00:696,ADD,BID,149.56,10
10:00:696,ADD,ASK,149.76,10
10:00:697,ADD,BID,149.60,10
10:00:697,ADD,ASK,149.80,10
10:00:698,ADD,BID,149.60,10
10:00:698,ADD,ASK,149.80,10
10:00:699,ADD,BID,149.56,10
10:00:699,ADD,ASK,149.76,10
10:00:700,ADD,BID,149.53,10
10:00:700,ADD,ASK,149.73,10
10:00:701,ADD,BID,149.58,10
10:00:701,ADD,ASK,149.78,10
10:00:702,ADD,BID,149.53,10
10:00:702,ADD,ASK,149.73,10
10:00:703,ADD,BID,149.50,10
10:00:703,ADD,ASK,149.70,10
10:00:704,ADD,BID,149.45,10
10:00:704,ADD,ASK,149.65,10
10:00:705,ADD,BID,149.46,10
10:00:705,ADD,ASK,149.66,10
10:00:706,ADD,BID,149.41,10
10:00:706,ADD,ASK,149.61,10
10:00:707,ADD,BID,149.42,10
10:00:707,ADD,ASK,149.62,10
10:00:708,ADD,BID,149.40,10
10:00:708,ADD,ASK,149.60,10
10:00:709,ADD,BID,149.41,10
10:00:709,ADD,ASK,149.61,10
10:00:710,ADD,BID,149.44,10
10:00:710,ADD,ASK,149.64,10
10:00:711,ADD,BID,149.43,10
10:00:711,ADD,ASK,149.63,10
10:00:712,ADD,BID,149.46,10
10:00:712,ADD,ASK,149.66,10
10:00:713,ADD,BID,149.45,10
10:00:713,ADD,ASK,149.65,10
10:00:714,ADD,BID,149.48,10
10:00:714,ADD,ASK,149.68,10
10:00:715,ADD,BID,149.45,10
10:00:715,ADD,ASK,149.65,10
10:00:716,ADD,BID,149.44,10
10:00:716,ADD,ASK,149.64,10
10:00:717,ADD,BID,149.44,10
10:00:717,ADD,ASK,149.64,10
10:00:718,ADD,BID,149.48,10
10:00:718,ADD,ASK,149.68,10
10:00:719,ADD,BID,149.48,10
10:00:719,ADD,ASK,149.68,10
10:00:720,ADD,BID,149.52,10
10:00:720,ADD,ASK,149.72,10
10:00:721,ADD,BID,149.47,10
10:00:721,ADD,ASK,149.67,10
10:00:722,ADD,BID,149.43,10
10:00:722,ADD,ASK,149.63,10
10:00:723,ADD,BID,149.45,10
10:00:723,ADD,ASK,149.65,10
10:00:724,ADD,BID,149.49,10
10:00:724,ADD,ASK,149.69,10
10:00:725,ADD,BID,149.50,10
10:00:725,ADD,ASK,149.70,10
10:00:726,ADD,BID,149.48,10
10:00:726,ADD,ASK,149.68,10
10:00:727,ADD,BID,149.51,10
10:00:727,ADD,ASK,149.71,10
10:00:728,ADD,BID,149.49,10
10:00:728,ADD,ASK,149.69,10
10:00:729,ADD,BID,149.47,10
10:00:729,ADD,ASK,149.67,10
10:00:730,ADD,BID,149.46,10
10:00:730,ADD,ASK,149.66,10
10:00:731,ADD,BID,149.47,10
10:00:731,ADD,ASK,149.67,10
10:00:732,ADD,BID,149.44,10
10:00:732,ADD,ASK,149.64,10
10:00:733,ADD,BID,149.44,10
10:00:733,ADD,ASK,149.64,10
10:00:734,ADD,BID,149.45,10
10:00:734,ADD,ASK,149.65,10
10:00:735,ADD,BID,149.45,10
10:00:735,ADD,ASK,149.65,10
10:00:736,ADD,BID,149.48,10
10:00:736,ADD,ASK,149.68,10
10:00:737,ADD,BID,149.53,10
10:00:737,ADD,ASK,149.73,10
10:00:738,ADD,BID,149.50,10
10:00:738,ADD,ASK,149.70,10
10:00:739,ADD,BID,149.53,10
10:00:739,ADD,ASK,149.73,10
10:00:740,ADD,BID,149.52,10
10:00:740,ADD,ASK,149.72,10
10:00:741,ADD,BID,149.55,10
10:00:741,ADD,ASK,149.75,10
10:00:742,ADD,BID,149.54,10
10:00:742,ADD,ASK,149.74,10
10:00:743,ADD,BID,149.57,10
10:00:743,ADD,ASK,149.77,10
10:00:744,ADD,BID,149.58,10
10:00:744,ADD,ASK,149.78,10
10:00:745,ADD,BID,149.57,10
10:00:745,ADD,ASK,149.77,10
10:00:746,ADD,BID,149.60,10
10:00:746,ADD,ASK,149.80,10
10:00:747,ADD,BID,149.58,10
10:00:747,ADD,ASK,149.78,10
10:00:748,ADD,BID,149.60,10
10:00:748,ADD,ASK,149.80,10
10:00:749,ADD,BID,149.60,10
10:00:749,ADD,ASK,149.80,10
10:00:750,ADD,BID,149.61,10
10:00:750,ADD,ASK,149.81,10
10:00:751,ADD,BID,149.60,10
10:00:751,ADD,ASK,149.80,10
10:00:752,ADD,BID,149.56,10
10:00:752,ADD,ASK,149.76,10
10:00:753,ADD,BID,149.61,10
10:00:753,ADD,ASK,149.81,10
10:00:754,ADD,BID,149.62,10
10:00:754,ADD,ASK,149.82,10
10:00:755,ADD,BID,149.65,10
10:00:755,ADD,ASK,149.85,10
10:00:756,ADD,BID,149.62,10
10:00:756,ADD,ASK,149.82,10
10:00:757,ADD,BID,149.60,10
10:00:757,ADD,ASK,149.80,10
10:00:758,ADD,BID,149.63,10
10:00:758,ADD,ASK,149.83,10
10:00:759,ADD,BID,149.58,10
10:00:759,ADD,ASK,149.78,10
10:00:760,ADD,BID,149.57,10
10:00:760,ADD,ASK,149.77,10
10:00:761,ADD,BID,149.62,10
10:00:761,ADD,ASK,149.82,10
10:00:762,ADD,BID,149.63,10
10:00:762,ADD,ASK,149.83,10
10:00:763,ADD,BID,149.62,10
10:00:763,ADD,ASK,149.82,10
10:00:764,ADD,BID,149.60,10
10:00:764,ADD,ASK,149.80,10
10:00:765,ADD,BID,149.59,10
10:00:765,ADD,ASK,149.79,10
10:00:766,ADD,BID,149.59,10
10:00:766,ADD,ASK,149.79,10
10:00:767,ADD,BID,149.56,10
10:00:767,ADD,ASK,149.76,10
10:00:768,ADD,BID,149.54,10
10:00:768,ADD,ASK,149.74,10
10:00:769,ADD,BID,149.50,10
10:00:769,ADD,ASK,149.70,10
10:00:770,ADD,BID,149.52,10
10:00:770,ADD,ASK,149.72,10
10:00:771,ADD,BID,149.49,10
10:00:771,ADD,ASK,149.69,10
10:00:772,ADD,BID,149.50,10
10:00:772,ADD,ASK,149.70,10
10:00:773,ADD,BID,149.51,10
10:00:773,ADD,ASK,149.71,10
10:00:774,ADD,BID,149.52,10
10:00:774,ADD,ASK,149.72,10
10:00:775,ADD,BID,149.57,10
10:00:775,ADD,ASK,149.77,10
10:00:776,ADD,BID,149.59,10
10:00:776,ADD,ASK,149.79,10
10:00:777,ADD,BID,149.63,10
10:00:777,ADD,ASK,149.83,10
10:00:778,ADD,BID,149.62,10
10:00:778,ADD,ASK,149.82,10
10:00:779,ADD,BID,149.57,10
10:00:779,ADD,ASK,149.77,10
10:00:780,ADD,BID,149.61,10
10:00:780,ADD,ASK,149.81,10
10:00:781,ADD,BID,149.63,10
10:00:781,ADD,ASK,149.83,10
10:00:782,ADD,BID,149.62,10
10:00:782,ADD,ASK,149.82,10
10:00:783,ADD,BID,149.58,10
10:00:783,ADD,ASK,149.78,10
10:00:784,ADD,BID,149.54,10
10:00:784,ADD,ASK,149.74,10
10:00:785,ADD,BID,149.59,10
10:00:785,ADD,ASK,149.79,10
10:00:786,ADD,BID,149.60,10
10:00:786,ADD,ASK,149.80,10
10:00:787,ADD,BID,149.61,10
10:00:787,ADD,ASK,149.81,10
10:00:788,ADD,BID,149.58,10
10:00:788,ADD,ASK,149.78,10
10:00:789,ADD,BID,149.55,10
10:00:789,ADD,ASK,149.75,10
10:00:790,ADD,BID,149.58,10
10:00:790,ADD,ASK,149.78,10
10:00:791,ADD,BID,149.57,10
10:00:791,ADD,ASK,149.77,10
10:00:792,ADD,BID,149.60,10
10:00:792,ADD,ASK,149.80,10
10:00:793,ADD,BID,149.64,10
10:00:793,ADD,ASK,149.84,10
10:00:794,ADD,BID,149.64,10
10:00:794,ADD,ASK,149.84,10
10:00:795,ADD,BID,149.60,10
10:00:795,ADD,ASK,149.80,10
10:00:796,ADD,BID,149.56,10
10:00:796,ADD,ASK,149.76,10
10:00:797,ADD,BID,149.51,10
10:00:797,ADD,ASK,149.71,10
10:00:798,ADD,BID,149.49,10
10:00:798,ADD,ASK,149.69,10
10:00:799,ADD,BID,149.50,10
10:00:799,ADD,ASK,149.70,10
10:00:800,ADD,BID,149.53,10
10:00:800,ADD,ASK,149.73,10
10:00:801,ADD,BID,149.57,10
10:00:801,ADD,ASK,149.77,10
10:00:802,ADD,BID,149.54,10
10:00:802,ADD,ASK,149.74,10
10:00:803,ADD,BID,149.57,10
10:00:803,ADD,ASK,149.77,10
10:00:804,ADD,BID,149.59,10
10:00:804,ADD,ASK,149.79,10
10:00:805,ADD,BID,149.62,10
10:00:805,ADD,ASK,149.82,10
10:00:806,ADD,BID,149.59,10
10:00:806,ADD,ASK,149.79,10
10:00:807,ADD,BID,149.54,10
10:00:807,ADD,ASK,149.74,10
10:00:808,ADD,BID,149.55,10
10:00:808,ADD,ASK,149.75,10
10:00:809,ADD,BID,149.59,10
10:00:809,ADD,ASK,149.79,10
10:00:810,ADD,BID,149.62,10
10:00:810,ADD,ASK,149.82,10
10:00:811,ADD,BID,149.60,10
10:00:811,ADD,ASK,149.80,10
10:00:812,ADD,BID,149.61,10
10:00:812,ADD,ASK,149.81,10
10:00:813,ADD,BID,149.66,10
10:00:813,ADD,ASK,149.86,10
10:00:814,ADD,BID,149.66,10
10:00:814,ADD,ASK,149.86,10
10:00:815,ADD,BID,149.62,10
10:00:815,ADD,ASK,149.82,10
10:00:816,ADD,BID,149.60,10
10:00:816,ADD,ASK,149.80,10
10:00:817,ADD,BID,149.63,10
10:00:817,ADD,ASK,149.83,10
10:00:818,ADD,BID,149.60,10
10:00:818,ADD,ASK,149.80,10
10:00:819,ADD,BID,149.62,10
10:00:819,ADD,ASK,149.82,10
10:00:820,ADD,BID,149.62,10
10:00:820,ADD,ASK,149.82,10
10:00:821,ADD,BID,149.63,10
10:00:821,ADD,ASK,149.83,10
10:00:822,ADD,BID,149.58,10
10:00:822,ADD,ASK,149.78,10
10:00:823,ADD,BID,149.55,10
10:00:823,ADD,ASK,149.75,10
10:00:824,ADD,BID,149.50,10
10:00:824,ADD,ASK,149.70,10
10:00:825,ADD,BID,149.50,10
10:00:825,ADD,ASK,149.70,10
10:00:826,ADD,BID,149.47,10
10:00:826,ADD,ASK,149.67,10
10:00:827,ADD,BID,149.44,10
10:00:827,ADD,ASK,149.64,10
10:00:828,ADD,BID,149.41,10
10:00:828,ADD,ASK,149.61,10
10:00:829,ADD,BID,149.43,10
10:00:829,ADD,ASK,149.63,10
10:00:830,ADD,BID,149.42,10
10:00:830,ADD,ASK,149.62,10
10:00:831,ADD,BID,149.47,10
10:00:831,ADD,ASK,149.67,10
10:00:832,ADD,BID,149.45,10
10:00:832,ADD,ASK,149.65,10
10:00:833,ADD,BID,149.49,10
10:00:833,ADD,ASK,149.69,10
10:00:834,ADD,BID,149.48,10
10:00:834,ADD,ASK,149.68,10
10:00:835,ADD,BID,149.46,10
10:00:835,ADD,ASK,149.66,10
10:00:836,ADD,BID,149.48,10
10:00:836,ADD,ASK,149.68,10
10:00:837,ADD,BID,149.50,10
10:00:837,ADD,ASK,149.70,10
10:00:838,ADD,BID,149.53,10
10:00:838,ADD,ASK,149.73,10
10:00:839,ADD,BID,149.57,10
10:00:839,ADD,ASK,149.77,10
10:00:840,ADD,BID,149.57,10
10:00:840,ADD,ASK,149.77,10
10:00:841,ADD,BID,149.55,10
10:00:841,ADD,ASK,149.75,10
10:00:842,ADD,BID,149.57,10
10:00:842,ADD,ASK,149.77,10
10:00:843,ADD,BID,149.58,10
10:00:843,ADD,ASK,149.78,10
10:00:844,ADD,BID,149.58,10
10:00:844,ADD,ASK,149.78,10
10:00:845,ADD,BID,149.57,10
10:00:845,ADD,ASK,149.77,10
10:00:846,ADD,BID,149.55,10
10:00:846,ADD,ASK,149.75,10
10:00:847,ADD,BID,149.59,10
10:00:847,ADD,ASK,149.79,10
10:00:848,ADD,BID,149.61,10
10:00:848,ADD,ASK,149.81,10
10:00:849,ADD,BID,149.58,10
10:00:849,ADD,ASK,149.78,10
10:00:850,ADD,BID,149.59,10
10:00:850,ADD,ASK,149.79,10
10:00:851,ADD,BID,149.60,10
10:00:851,ADD,ASK,149.80,10
10:00:852,ADD,BID,149.57,10
10:00:852,ADD,ASK,149.77,10
10:00:853,ADD,BID,149.60,10
10:00:853,ADD,ASK,149.80,10
10:00:854,ADD,BID,149.59,10
10:00:854,ADD,ASK,149.79,10
10:00:855,ADD,BID,149.64,10
10:00:855,ADD,ASK,149.84,10
10:00:856,ADD,BID,149.69,10
10:00:856,ADD,ASK,149.89,10
10:00:857,ADD,BID,149.70,10
10:00:857,ADD,ASK,149.90,10
10:00:858,ADD,BID,149.73,10
10:00:858,ADD,ASK,149.93,10
10:00:859,ADD,BID,149.69,10
10:00:859,ADD,ASK,149.89,10
10:00:860,ADD,BID,149.67,10
10:00:860,ADD,ASK,149.87,10
10:00:861,ADD,BID,149.72,10
10:00:861,ADD,ASK,149.92,10
10:00:862,ADD,BID,149.67,10
10:00:862,ADD,ASK,149.87,10
10:00:863,ADD,BID,149.70,10
10:00:863,ADD,ASK,149.90,10
10:00:864,ADD,BID,149.67,10
10:00:864,ADD,ASK,149.87,10
10:00:865,ADD,BID,149.67,10
10:00:865,ADD,ASK,149.87,10
10:00:866,ADD,BID,149.65,10
10:00:866,ADD,ASK,149.85,10
10:00:867,ADD,BID,149.64,10
10:00:867,ADD,ASK,149.84,10
10:00:868,ADD,BID,149.63,10
10:00:868,ADD,ASK,149.83,10
10:00:869,ADD,BID,149.62,10
10:00:869,ADD,ASK,149.82,10
10:00:870,ADD,BID,149.59,10
10:00:870,ADD,ASK,149.79,10
10:00:871,ADD,BID,149.59,10
10:00:871,ADD,ASK,149.79,10
10:00:872,ADD,BID,149.60,10
10:00:872,ADD,ASK,149.80,10
10:00:873,ADD,BID,149.56,10
10:00:873,ADD,ASK,149.76,10
10:00:874,ADD,BID,149.54,10
10:00:874,ADD,ASK,149.74,10
10:00:875,ADD,BID,149.54,10
10:00:875,ADD,ASK,149.74,10
10:00:876,ADD,BID,149.53,10
10:00:876,ADD,ASK,149.73,10
10:00:877,ADD,BID,149.51,10
10:00:877,ADD,ASK,149.71,10
10:00:878,ADD,BID,149.51,10
10:00:878,ADD,ASK,149.71,10
10:00:879,ADD,BID,149.53,10
10:00:879,ADD,ASK,149.73,10
10:00:880,ADD,BID,149.53,10
10:00:880,ADD,ASK,149.73,10
10:00:881,ADD,BID,149.51,10
10:00:881,ADD,ASK,149.71,10
10:00:882,ADD,BID,149.49,10
10:00:882,ADD,ASK,149.69,10
10:00:883,ADD,BID,149.45,10
10:00:883,ADD,ASK,149.65,10
10:00:884,ADD,BID,149.41,10
10:00:884,ADD,ASK,149.61,10
10:00:885,ADD,BID,149.43,10
10:00:885,ADD,ASK,149.63,10
10:00:886,ADD,BID,149.41,10
10:00:886,ADD,ASK,149.61,10
10:00:887,ADD,BID,149.42,10
10:00:887,ADD,ASK,149.62,10
10:00:888,ADD,BID,149.38,10
10:00:888,ADD,ASK,149.58,10
10:00:889,ADD,BID,149.34,10
10:00:889,ADD,ASK,149.54,10
10:00:890,ADD,BID,149.34,10
10:00:890,ADD,ASK,149.54,10
10:00:891,ADD,BID,149.33,10
10:00:891,ADD,ASK,149.53,10
10:00:892,ADD,BID,149.35,10
10:00:892,ADD,ASK,149.55,10
10:00:893,ADD,BID,149.34,10
10:00:893,ADD,ASK,149.54,10
10:00:894,ADD,BID,149.31,10
10:00:894,ADD,ASK,149.51,10
10:00:895,ADD,BID,149.30,10
10:00:895,ADD,ASK,149.50,10
10:00:896,ADD,BID,149.31,10
10:00:896,ADD,ASK,149.51,10
10:00:897,ADD,BID,149.34,10
10:00:897,ADD,ASK,149.54,10
10:00:898,ADD,BID,149.38,10
10:00:898,ADD,ASK,149.58,10
10:00:899,ADD,BID,149.41,10
10:00:899,ADD,ASK,149.61,10
10:00:900,ADD,BID,149.40,10
10:00:900,ADD,ASK,149.60,10
10:00:901,ADD,BID,149.40,10
10:00:901,ADD,ASK,149.60,10
10:00:902,ADD,BID,149.40,10
10:00:902,ADD,ASK,149.60,10
10:00:903,ADD,BID,149.35,10
10:00:903,ADD,ASK,149.55,10
10:00:904,ADD,BID,149.38,10
10:00:904,ADD,ASK,149.58,10
10:00:905,ADD,BID,149.42,10
10:00:905,ADD,ASK,149.62,10
10:00:906,ADD,BID,149.41,10
10:00:906,ADD,ASK,149.61,10
10:00:907,ADD,BID,149.46,10
10:00:907,ADD,ASK,149.66,10
10:00:908,ADD,BID,149.45,10
10:00:908,ADD,ASK,149.65,10
10:00:909,ADD,BID,149.45,10
10:00:909,ADD,ASK,149.65,10
10:00:910,ADD,BID,149.46,10
10:00:910,ADD,ASK,149.66,10
10:00:911,ADD,BID,149.43,10
10:00:911,ADD,ASK,149.63,10
10:00:912,ADD,BID,149.43,10
10:00:912,ADD,ASK,149.63,10
10:00:913,ADD,BID,149.41,10
10:00:913,ADD,ASK,149.61,10
10:00:914,ADD,BID,149.43,10
10:00:914,ADD,ASK,149.63,10
10:00:915,ADD,BID,149.44,10
10:00:915,ADD,ASK,149.64,10
10:00:916,ADD,BID,149.47,10
10:00:916,ADD,ASK,149.67,10
10:00:917,ADD,BID,149.50,10
10:00:917,ADD,ASK,149.70,10
10:00:918,ADD,BID,149.55,10
10:00:918,ADD,ASK,149.75,10
10:00:919,ADD,BID,149.52,10
10:00:919,ADD,ASK,149.72,10
10:00:920,ADD,BID,149.56,10
10:00:920,ADD,ASK,149.76,10
10:00:921,ADD,BID,149.57,10
10:00:921,ADD,ASK,149.77,10
10:00:922,ADD,BID,149.59,10
10:00:922,ADD,ASK,149.79,10
10:00:923,ADD,BID,149.63,10
10:00:923,ADD,ASK,149.83,10
10:00:924,ADD,BID,149.65,10
10:00:924,ADD,ASK,149.85,10
10:00:925,ADD,BID,149.60,10
10:00:925,ADD,ASK,149.80,10
10:00:926,ADD,BID,149.59,10
10:00:926,ADD,ASK,149.79,10
10:00:927,ADD,BID,149.57,10
10:00:927,ADD,ASK,149.77,10
10:00:928,ADD,BID,149.60,10
10:00:928,ADD,ASK,149.80,10
10:00:929,ADD,BID,149.58,10
10:00:929,ADD,ASK,149.78,10
10:00:930,ADD,BID,149.53,10
10:00:930,ADD,ASK,149.73,10
10:00:931,ADD,BID,149.55,10
10:00:931,ADD,ASK,149.75,10
10:00:932,ADD,BID,149.50,10
10:00:932,ADD,ASK,149.70,10
10:00:933,ADD,BID,149.51,10
10:00:933,ADD,ASK,149.71,10
10:00:934,ADD,BID,149.50,10
10:00:934,ADD,ASK,149.70,10
10:00:935,ADD,BID,149.53,10
10:00:935,ADD,ASK,149.73,10
10:00:936,ADD,BID,149.58,10
10:00:936,ADD,ASK,149.78,10
10:00:937,ADD,BID,149.60,10
10:00:937,ADD,ASK,149.80,10
10:00:938,ADD,BID,149.61,10
10:00:938,ADD,ASK,149.81,10
10:00:939,ADD,BID,149.61,10
10:00:939,ADD,ASK,149.81,10
10:00:940,ADD,BID,149.57,10
10:00:940,ADD,ASK,149.77,10
10:00:941,ADD,BID,149.53,10
10:00:941,ADD,ASK,149.73,10
10:00:942,ADD,BID,149.52,10
10:00:942,ADD,ASK,149.72,10
10:00:943,ADD,BID,149.48,10
10:00:943,ADD,ASK,149.68,10
10:00:944,ADD,BID,149.43,10
10:00:944,ADD,ASK,149.63,10
10:00:945,ADD,BID,149.40,10
10:00:945,ADD,ASK,149.60,10
10:00:946,ADD,BID,149.40,10
10:00:946,ADD,ASK,149.60,10
10:00:947,ADD,BID,149.40,10
10:00:947,ADD,ASK,149.60,10
10:00:948,ADD,BID,149.44,10
10:00:948,ADD,ASK,149.64,10
10:00:949,ADD,BID,149.41,10
10:00:949,ADD,ASK,149.61,10
10:00:950,ADD,BID,149.37,10
10:00:950,ADD,ASK,149.57,10
10:00:951,ADD,BID,149.40,10
10:00:951,ADD,ASK,149.60,10
10:00:952,ADD,BID,149.37,10
10:00:952,ADD,ASK,149.57,10
10:00:953,ADD,BID,149.34,10
10:00:953,ADD,ASK,149.54,10
10:00:954,ADD,BID,149.35,10
10:00:954,ADD,ASK,149.55,10
10:00:955,ADD,BID,149.36,10
10:00:955,ADD,ASK,149.56,10
10:00:956,ADD,BID,149.32,10
10:00:956,ADD,ASK,149.52,10
10:00:957,ADD,BID,149.31,10
10:00:957,ADD,ASK,149.51,10
10:00:958,ADD,BID,149.29,10
10:00:958,ADD,ASK,149.49,10
10:00:959,ADD,BID,149.25,10
10:00:959,ADD,ASK,149.45,10
10:00:960,ADD,BID,149.21,10
10:00:960,ADD,ASK,149.41,10
10:00:961,ADD,BID,149.20,10
10:00:961,ADD,ASK,149.40,10
10:00:962,ADD,BID,149.16,10
10:00:962,ADD,ASK,149.36,10
10:00:963,ADD,BID,149.17,10
10:00:963,ADD,ASK,149.37,10
10:00:964,ADD,BID,149.22,10
10:00:964,ADD,ASK,149.42,10
10:00:965,ADD,BID,149.26,10
10:00:965,ADD,ASK,149.46,10
10:00:966,ADD,BID,149.27,10
10:00:966,ADD,ASK,149.47,10
10:00:967,ADD,BID,149.26,10
10:00:967,ADD,ASK,149.46,10
10:00:968,ADD,BID,149.24,10
10:00:968,ADD,ASK,149.44,10
10:00:969,ADD,BID,149.21,10
10:00:969,ADD,ASK,149.41,10
10:00:970,ADD,BID,149.18,10
10:00:970,ADD,ASK,149.38,10
10:00:971,ADD,BID,149.22,10
10:00:971,ADD,ASK,149.42,10
10:00:972,ADD,BID,149.27,10
10:00:972,ADD,ASK,149.47,10
10:00:973,ADD,BID,149.24,10
10:00:973,ADD,ASK,149.44,10
10:00:974,ADD,BID,149.25,10
10:00:974,ADD,ASK,149.45,10
10:00:975,ADD,BID,149.30,10
10:00:975,ADD,ASK,149.50,10
10:00:976,ADD,BID,149.35,10
10:00:976,ADD,ASK,149.55,10
10:00:977,ADD,BID,149.32,10
10:00:977,ADD,ASK,149.52,10
10:00:978,ADD,BID,149.36,10
10:00:978,ADD,ASK,149.56,10
10:00:979,ADD,BID,149.36,10
10:00:979,ADD,ASK,149.56,10
10:00:980,ADD,BID,149.35,10
10:00:980,ADD,ASK,149.55,10
10:00:981,ADD,BID,149.33,10
10:00:981,ADD,ASK,149.53,10
10:00:982,ADD,BID,149.33,10
10:00:982,ADD,ASK,149.53,10
10:00:983,ADD,BID,149.35,10
10:00:983,ADD,ASK,149.55,10
10:00:984,ADD,BID,149.34,10
10:00:984,ADD,ASK,149.54,10
10:00:985,ADD,BID,149.37,10
10:00:985,ADD,ASK,149.57,10
10:00:986,ADD,BID,149.38,10
10:00:986,ADD,ASK,149.58,10
10:00:987,ADD,BID,149.35,10
10:00:987,ADD,ASK,149.55,10
10:00:988,ADD,BID,149.33,10
10:00:988,ADD,ASK,149.53,10
10:00:989,ADD,BID,149.30,10
10:00:989,ADD,ASK,149.50,10
10:00:990,ADD,BID,149.31,10
10:00:990,ADD,ASK,149.51,10
10:00:991,ADD,BID,149.33,10
10:00:991,ADD,ASK,149.53,10
10:00:992,ADD,BID,149.33,10
10:00:992,ADD,ASK,149.53,10
10:00:993,ADD,BID,149.34,10
10:00:993,ADD,ASK,149.54,10
10:00:994,ADD,BID,149.34,10
10:00:994,ADD,ASK,149.54,10
10:00:995,ADD,BID,149.33,10
10:00:995,ADD,ASK,149.53,10
10:00:996,ADD,BID,149.33,10
10:00:996,ADD,ASK,149.53,10
10:00:997,ADD,BID,149.30,10
10:00:997,ADD,ASK,149.50,10
10:00:998,ADD,BID,149.29,10
10:00:998,ADD,ASK,149.49,10
10:00:999,ADD,BID,149.33,10
10:00:999,ADD,ASK,149.53,10
